LAST_ACTIVITY_BLOCK,LAST_ACTIVITY_BLOCK_TIMESTAMP,USER_ADDRESS,CONTRACT_ADDRESS,CURRENT_BAL_UNADJ,CURRENT_BAL,USD_VALUE_LAST_ACTIVITY,USD_VALUE_NOW,SYMBOL,TOKEN_NAME,DECIMALS,HAS_DECIMAL,HAS_PRICE,LAST_RECORDED_PRICE,ROWNUMBER,BALANCE
17590454,2023-06-30 06:56:35.000,0x4e12ed8e76d32ba485d3c87111e2a5429152d6a4,0x2d63f3dd18ea2eea6c90fd23f2a791e6e35b5edc,4,"null","null","null",JRL,Jan Robert Leegte,"null",false,false,"null",1,4
17279389,2023-05-17 12:35:47.000,0x7853010ab93f48ce78137703f7f0d21ace194d11,0x2d63f3dd18ea2eea6c90fd23f2a791e6e35b5edc,3,"null","null","null",JRL,Jan Robert Leegte,"null",false,false,"null",1,3
17590454,2023-06-30 06:56:35.000,0x08ba7fbc0aba77c3f8664cc71baee71ef602df85,0x2d63f3dd18ea2eea6c90fd23f2a791e6e35b5edc,2,"null","null","null",JRL,Jan Robert Leegte,"null",false,false,"null",1,2
17414122,2023-06-05 11:47:59.000,0x1d8fa0b16ca507642ac95205cedea8a033334744,0x2d63f3dd18ea2eea6c90fd23f2a791e6e35b5edc,2,"null","null","null",JRL,Jan Robert Leegte,"null",false,false,"null",1,2
17512656,2023-06-19 08:38:47.000,0x113d754ff2e6ca9fd6ab51932493e4f9dabdf596,0x2d63f3dd18ea2eea6c90fd23f2a791e6e35b5edc,2,"null","null","null",JRL,Jan Robert Leegte,"null",false,false,"null",1,2
17521711,2023-06-20 15:10:11.000,0x98727b47e99707874c41c217de7a2e512b9517df,0x2d63f3dd18ea2eea6c90fd23f2a791e6e35b5edc,2,"null","null","null",JRL,Jan Robert Leegte,"null",false,false,"null",1,2
17281681,2023-05-17 20:24:11.000,0x97bb1efc534ff3dc0ddf5fb83743605d5faecb27,0x2d63f3dd18ea2eea6c90fd23f2a791e6e35b5edc,1,"null","null","null",JRL,Jan Robert Leegte,"null",false,false,"null",1,1
18005874,2023-08-27 12:02:35.000,0xdf9396b3600583c3dc1e67d5c963f0c4e230680e,0x2d63f3dd18ea2eea6c90fd23f2a791e6e35b5edc,1,"null","null","null",JRL,Jan Robert Leegte,"null",false,false,"null",1,1
17515982,2023-06-19 19:52:23.000,0x6c379f4159afbdd17ae4bb41b28480461f7101ce,0x2d63f3dd18ea2eea6c90fd23f2a791e6e35b5edc,1,"null","null","null",JRL,Jan Robert Leegte,"null",false,false,"null",1,1
17514584,2023-06-19 15:08:23.000,0x80ce7206da1ed2804d645a91705212ed742f285d,0x2d63f3dd18ea2eea6c90fd23f2a791e6e35b5edc,1,"null","null","null",JRL,Jan Robert Leegte,"null",false,false,"null",1,1
17897926,2023-08-12 09:34:47.000,0xc21870affbef7df68ec74c91389daae6beeac0ec,0x2d63f3dd18ea2eea6c90fd23f2a791e6e35b5edc,1,"null","null","null",JRL,Jan Robert Leegte,"null",false,false,"null",1,1
17513065,2023-06-19 10:01:11.000,0xb0ba5311dfa74510f7282953840f25403dcb2b68,0x2d63f3dd18ea2eea6c90fd23f2a791e6e35b5edc,1,"null","null","null",JRL,Jan Robert Leegte,"null",false,false,"null",1,1
17384712,2023-06-01 08:15:23.000,0x6fcf21345566887478cda171de63ab0066d2d33f,0x2d63f3dd18ea2eea6c90fd23f2a791e6e35b5edc,1,"null","null","null",JRL,Jan Robert Leegte,"null",false,false,"null",1,1
16305750,2022-12-31 15:50:47.000,0x6b43b6799269e9bf97bd7ede26900d8f196ad98c,0x2d63f3dd18ea2eea6c90fd23f2a791e6e35b5edc,1,"null","null","null",JRL,Jan Robert Leegte,"null",false,false,"null",1,1
17514549,2023-06-19 15:01:11.000,0x8c9a4427e991c6485e559e3c4f79a88128d8be3e,0x2d63f3dd18ea2eea6c90fd23f2a791e6e35b5edc,1,"null","null","null",JRL,Jan Robert Leegte,"null",false,false,"null",1,1
17490742,2023-06-16 06:53:23.000,0x34b1372f7f960207d8bb68275f1c33311564c21a,0x2d63f3dd18ea2eea6c90fd23f2a791e6e35b5edc,1,"null","null","null",JRL,Jan Robert Leegte,"null",false,false,"null",1,1
17515274,2023-06-19 17:27:59.000,0x5a483c063b6b2b4f0baafbfe799a3504dd477dae,0x2d63f3dd18ea2eea6c90fd23f2a791e6e35b5edc,1,"null","null","null",JRL,Jan Robert Leegte,"null",false,false,"null",1,1
17537310,2023-06-22 19:43:11.000,0x51fee9bf45c5dab188b57048658696edab9d72cf,0x2d63f3dd18ea2eea6c90fd23f2a791e6e35b5edc,1,"null","null","null",JRL,Jan Robert Leegte,"null",false,false,"null",1,1
13571436,2021-11-07 20:05:21.000,0x55a0730a844727bd694fd8f938a456158be0f8a6,0xf1b214702bed6ec64843f55e5d566d8ffb3034dd,10,"null","null","null",▣,Ornament,"null",false,false,"null",1,10
15972237,2022-11-15 01:44:35.000,0x6266dbb2d202d4e246ee86d76bb2fbb9a71eafcd,0xf1b214702bed6ec64843f55e5d566d8ffb3034dd,9,"null","null","null",▣,Ornament,"null",false,false,"null",1,9
14140319,2022-02-04 15:24:22.000,0x6853a596d6d7264d3622546da3b891b6fe17eb82,0xf1b214702bed6ec64843f55e5d566d8ffb3034dd,7,"null","null","null",▣,Ornament,"null",false,false,"null",1,7
13571079,2021-11-07 18:48:31.000,0x984b8f799f8a2efb188f7be8b386130fc4651bbb,0xf1b214702bed6ec64843f55e5d566d8ffb3034dd,6,"null","null","null",▣,Ornament,"null",false,false,"null",1,6
13588091,2021-11-10 10:55:41.000,0xe8e01e71d18f838b13e8f6fa250ee0e4bed6b877,0xf1b214702bed6ec64843f55e5d566d8ffb3034dd,5,"null","null","null",▣,Ornament,"null",false,false,"null",1,5
16219475,2022-12-19 14:55:35.000,0x591660bf3ae48260bd21aef41e7dfd795fe4406a,0xf1b214702bed6ec64843f55e5d566d8ffb3034dd,4,"null","null","null",▣,Ornament,"null",false,false,"null",1,4
17881668,2023-08-10 02:59:47.000,0x171446b041c6683e5f138b8a3f263bbffb8ee74a,0xf1b214702bed6ec64843f55e5d566d8ffb3034dd,3,"null","null","null",▣,Ornament,"null",false,false,"null",1,3
15040553,2022-06-28 16:22:43.000,0x9891529a510389712e215566abf9f10fa0786014,0xf1b214702bed6ec64843f55e5d566d8ffb3034dd,3,"null","null","null",▣,Ornament,"null",false,false,"null",1,3
13570929,2021-11-07 18:20:19.000,0x35eaf62374daaf8dba2acb3129dcd7c1bff63557,0xf1b214702bed6ec64843f55e5d566d8ffb3034dd,3,"null","null","null",▣,Ornament,"null",false,false,"null",1,3
13663911,2021-11-22 10:17:33.000,0x5d9bb765c81e6cfd4c8a23d13c54943f31104ea1,0xf1b214702bed6ec64843f55e5d566d8ffb3034dd,3,"null","null","null",▣,Ornament,"null",false,false,"null",1,3
14177615,2022-02-10 09:46:21.000,0x6f7766f01c283dd3db5dce4ae7679990cab6e47a,0xf1b214702bed6ec64843f55e5d566d8ffb3034dd,3,"null","null","null",▣,Ornament,"null",false,false,"null",1,3
13575192,2021-11-08 10:19:38.000,0xbcf973d359d70e220d2d38dc66c9dfe41a3bed77,0xf1b214702bed6ec64843f55e5d566d8ffb3034dd,3,"null","null","null",▣,Ornament,"null",false,false,"null",1,3
18014753,2023-08-28 17:53:47.000,0xdc3ee5969611a47c4bd4ef088a55e1ba61701827,0xf1b214702bed6ec64843f55e5d566d8ffb3034dd,3,"null","null","null",▣,Ornament,"null",false,false,"null",1,3
13572316,2021-11-07 23:19:52.000,0xacc89b21449b6cbb5101d5267f730c25e02e2409,0xf1b214702bed6ec64843f55e5d566d8ffb3034dd,3,"null","null","null",▣,Ornament,"null",false,false,"null",1,3
13571137,2021-11-07 19:03:00.000,0xb4ec63e248aabd587cab580771ffbd9fb861c846,0xf1b214702bed6ec64843f55e5d566d8ffb3034dd,3,"null","null","null",▣,Ornament,"null",false,false,"null",1,3
15517686,2022-09-11 23:43:26.000,0x588115a13c2192ecd555dd7e56dacce137df41bf,0xf1b214702bed6ec64843f55e5d566d8ffb3034dd,3,"null","null","null",▣,Ornament,"null",false,false,"null",1,3
18028852,2023-08-30 17:18:59.000,0xce4a577042174689a4f2fd8aa2638647dd23c3ed,0xf1b214702bed6ec64843f55e5d566d8ffb3034dd,2,"null","null","null",▣,Ornament,"null",false,false,"null",1,2
13571486,2021-11-07 20:17:18.000,0x0505ed5100348b284c5488dfd08ca109d3274953,0xf1b214702bed6ec64843f55e5d566d8ffb3034dd,2,"null","null","null",▣,Ornament,"null",false,false,"null",1,2
14487655,2022-03-30 12:52:39.000,0x5ed592557b6a29908b7d50305ca01904a4529cf4,0xf1b214702bed6ec64843f55e5d566d8ffb3034dd,2,"null","null","null",▣,Ornament,"null",false,false,"null",1,2
13571208,2021-11-07 19:17:15.000,0xcc9b2b1f639f477371a5d784a389965041d7a33e,0xf1b214702bed6ec64843f55e5d566d8ffb3034dd,2,"null","null","null",▣,Ornament,"null",false,false,"null",1,2
16195776,2022-12-16 07:30:47.000,0x5151f4b48cee4f7dcb7714e7b4b836aa847bf4e8,0xf1b214702bed6ec64843f55e5d566d8ffb3034dd,2,"null","null","null",▣,Ornament,"null",false,false,"null",1,2
17986455,2023-08-24 18:49:59.000,0x478087e12db15302a364c64cdb79f14ae6c5c9b7,0xf1b214702bed6ec64843f55e5d566d8ffb3034dd,2,"null","null","null",▣,Ornament,"null",false,false,"null",1,2
16177439,2022-12-13 18:03:23.000,0x10752ae123f8f65ee7609b336c77bb941c584bba,0xf1b214702bed6ec64843f55e5d566d8ffb3034dd,2,"null","null","null",▣,Ornament,"null",false,false,"null",1,2
13570879,2021-11-07 18:08:34.000,0xc67f05b21cf5bf308168960d6b1addc167888170,0xf1b214702bed6ec64843f55e5d566d8ffb3034dd,2,"null","null","null",▣,Ornament,"null",false,false,"null",1,2
13572117,2021-11-07 22:33:32.000,0x1c5fc7c746cd0eb89800b3b6f2d2ef888674e05a,0xf1b214702bed6ec64843f55e5d566d8ffb3034dd,2,"null","null","null",▣,Ornament,"null",false,false,"null",1,2
13572368,2021-11-07 23:31:27.000,0x910b48c25afc5b2a998458b62d467d482eca74af,0xf1b214702bed6ec64843f55e5d566d8ffb3034dd,2,"null","null","null",▣,Ornament,"null",false,false,"null",1,2
15443422,2022-08-31 00:14:31.000,0xa3e49fea82d17326636cece9c8c090edf013dccb,0xf1b214702bed6ec64843f55e5d566d8ffb3034dd,2,"null","null","null",▣,Ornament,"null",false,false,"null",1,2
13571236,2021-11-07 19:23:44.000,0x042059e296d0905e6bab56da6365949e11b8d89e,0xf1b214702bed6ec64843f55e5d566d8ffb3034dd,2,"null","null","null",▣,Ornament,"null",false,false,"null",1,2
14967359,2022-06-15 11:57:13.000,0x40d336b5e8fa5acef13761c22de4a17b11d7121f,0xf1b214702bed6ec64843f55e5d566d8ffb3034dd,2,"null","null","null",▣,Ornament,"null",false,false,"null",1,2
13570959,2021-11-07 18:25:15.000,0x3e81cdeb60042c3097d9863c16571325e766a44f,0xf1b214702bed6ec64843f55e5d566d8ffb3034dd,2,"null","null","null",▣,Ornament,"null",false,false,"null",1,2
14798905,2022-05-18 12:42:18.000,0x4be96b6177a27946aaf1c4b203674c9079c2fd61,0xf1b214702bed6ec64843f55e5d566d8ffb3034dd,2,"null","null","null",▣,Ornament,"null",false,false,"null",1,2
15913777,2022-11-06 21:50:35.000,0xcbbea7ec33d60db283ab79bdac9ffbfa46a83134,0xf1b214702bed6ec64843f55e5d566d8ffb3034dd,2,"null","null","null",▣,Ornament,"null",false,false,"null",1,2
13929974,2022-01-03 02:56:27.000,0x45c3faff25afc69673034d20074bf9830206f252,0xf1b214702bed6ec64843f55e5d566d8ffb3034dd,2,"null","null","null",▣,Ornament,"null",false,false,"null",1,2
14967353,2022-06-15 11:56:25.000,0x830cc132dd66f6491ceaa20206f398247143d9cf,0xf1b214702bed6ec64843f55e5d566d8ffb3034dd,2,"null","null","null",▣,Ornament,"null",false,false,"null",1,2
15456240,2022-09-02 01:21:34.000,0xb5532ceb62ab83e4a0f1281f5cb9a019b16e1c12,0xf1b214702bed6ec64843f55e5d566d8ffb3034dd,2,"null","null","null",▣,Ornament,"null",false,false,"null",1,2
16339824,2023-01-05 09:54:11.000,0xcd3f8ef0fe55713b7c5c102846c864536019eb80,0xf1b214702bed6ec64843f55e5d566d8ffb3034dd,2,"null","null","null",▣,Ornament,"null",false,false,"null",1,2
13572296,2021-11-07 23:14:50.000,0xfaaa79ed017a66f19bd08161a2ebd215150758c4,0xf1b214702bed6ec64843f55e5d566d8ffb3034dd,2,"null","null","null",▣,Ornament,"null",false,false,"null",1,2
14950501,2022-06-12 13:53:48.000,0x19cabab0e12d65a7703f97b207e7a10a9f30810e,0xf1b214702bed6ec64843f55e5d566d8ffb3034dd,2,"null","null","null",▣,Ornament,"null",false,false,"null",1,2
16386451,2023-01-11 22:09:59.000,0x6f7f5ab87ee7fc1f241e0ce785688c53803de44e,0xf1b214702bed6ec64843f55e5d566d8ffb3034dd,2,"null","null","null",▣,Ornament,"null",false,false,"null",1,2
13625492,2021-11-16 08:11:57.000,0x7d9f4cb1adc632e697d604304af4e1e92ecd181b,0xf1b214702bed6ec64843f55e5d566d8ffb3034dd,2,"null","null","null",▣,Ornament,"null",false,false,"null",1,2
14628917,2022-04-21 14:47:30.000,0x4ec89ba6558ef10b3435246de77aa3bf8f2ba745,0xf1b214702bed6ec64843f55e5d566d8ffb3034dd,2,"null","null","null",▣,Ornament,"null",false,false,"null",1,2
13573683,2021-11-08 04:33:30.000,0x981a1e53ab4eb329c09ee6ea03cbe2f98cdbacdd,0xf1b214702bed6ec64843f55e5d566d8ffb3034dd,1,"null","null","null",▣,Ornament,"null",false,false,"null",1,1
14969906,2022-06-15 22:20:06.000,0x70ddda43d4f616263b1db0ec672cbd8795db13b1,0xf1b214702bed6ec64843f55e5d566d8ffb3034dd,1,"null","null","null",▣,Ornament,"null",false,false,"null",1,1
13572241,2021-11-07 23:03:20.000,0x532bfd20230e205cf283996ceef4e6bb19e65110,0xf1b214702bed6ec64843f55e5d566d8ffb3034dd,1,"null","null","null",▣,Ornament,"null",false,false,"null",1,1
13571161,2021-11-07 19:07:34.000,0x8d138c01765483cb79d787ce5933f609cbfdabcf,0xf1b214702bed6ec64843f55e5d566d8ffb3034dd,1,"null","null","null",▣,Ornament,"null",false,false,"null",1,1
17849639,2023-08-05 15:23:47.000,0xba246a7df93bf8c7009dba1fee636ac40c210f00,0xf1b214702bed6ec64843f55e5d566d8ffb3034dd,1,"null","null","null",▣,Ornament,"null",false,false,"null",1,1
14140381,2022-02-04 15:38:50.000,0x109c46209d4d31dd2e1e29d75eca721badcd4564,0xf1b214702bed6ec64843f55e5d566d8ffb3034dd,1,"null","null","null",▣,Ornament,"null",false,false,"null",1,1
16313668,2023-01-01 18:20:23.000,0x31f72343e358e70fbdc0c7c7a8358f69fbaccf5a,0xf1b214702bed6ec64843f55e5d566d8ffb3034dd,1,"null","null","null",▣,Ornament,"null",false,false,"null",1,1
13571505,2021-11-07 20:23:03.000,0x7193b82899461a6ac45b528d48d74355f54e7f56,0xf1b214702bed6ec64843f55e5d566d8ffb3034dd,1,"null","null","null",▣,Ornament,"null",false,false,"null",1,1
14611195,2022-04-18 20:08:06.000,0x953bb3aa4671b859298d98f70890b510176add63,0xf1b214702bed6ec64843f55e5d566d8ffb3034dd,1,"null","null","null",▣,Ornament,"null",false,false,"null",1,1
16383471,2023-01-11 12:07:59.000,0xa588423425dc05125f0ee83ebb10d95fb869a5fd,0xf1b214702bed6ec64843f55e5d566d8ffb3034dd,1,"null","null","null",▣,Ornament,"null",false,false,"null",1,1
13572020,2021-11-07 22:12:09.000,0xef3c42eb484ae448cbbe4391d3cc4e16aaab0d24,0xf1b214702bed6ec64843f55e5d566d8ffb3034dd,1,"null","null","null",▣,Ornament,"null",false,false,"null",1,1
13572141,2021-11-07 22:39:02.000,0xebc8d4154761d67a6968973e94e986db86bb357e,0xf1b214702bed6ec64843f55e5d566d8ffb3034dd,1,"null","null","null",▣,Ornament,"null",false,false,"null",1,1
13571496,2021-11-07 20:20:08.000,0x5693a95fff469c591bae4601d1d5da8cd8d9bee2,0xf1b214702bed6ec64843f55e5d566d8ffb3034dd,1,"null","null","null",▣,Ornament,"null",false,false,"null",1,1
13571428,2021-11-07 20:03:36.000,0xe328361fa5bd042c27bf119519cdb7e70400f5ed,0xf1b214702bed6ec64843f55e5d566d8ffb3034dd,1,"null","null","null",▣,Ornament,"null",false,false,"null",1,1
13728120,2021-12-02 15:31:15.000,0x6c853ce4468c157031ba9a3394867b57d081e3e1,0xf1b214702bed6ec64843f55e5d566d8ffb3034dd,1,"null","null","null",▣,Ornament,"null",false,false,"null",1,1
13572319,2021-11-07 23:20:57.000,0xfc0db673c9d32312bc44c6d9cdc5a06ac5e4bfc6,0xf1b214702bed6ec64843f55e5d566d8ffb3034dd,1,"null","null","null",▣,Ornament,"null",false,false,"null",1,1
16678678,2023-02-21 18:32:35.000,0x4e95f04145b0de5ceb136b389ce07ee0f20dc133,0xf1b214702bed6ec64843f55e5d566d8ffb3034dd,1,"null","null","null",▣,Ornament,"null",false,false,"null",1,1
17063311,2023-04-17 01:38:11.000,0x7d7db0b73a42a5ab353c3e284d284d387703e4fb,0xf1b214702bed6ec64843f55e5d566d8ffb3034dd,1,"null","null","null",▣,Ornament,"null",false,false,"null",1,1
13571426,2021-11-07 20:03:19.000,0xf930b0a0500d8f53b2e7efa4f7bcb5cc0c71067e,0xf1b214702bed6ec64843f55e5d566d8ffb3034dd,1,"null","null","null",▣,Ornament,"null",false,false,"null",1,1
13571313,2021-11-07 19:41:27.000,0x4cd67cc4aede471e20bbfeab92eff2b88141a48f,0xf1b214702bed6ec64843f55e5d566d8ffb3034dd,1,"null","null","null",▣,Ornament,"null",false,false,"null",1,1
16508362,2023-01-28 22:40:23.000,0x79a2b7a14f5b1a661a98694974f630c403a8cf45,0xf1b214702bed6ec64843f55e5d566d8ffb3034dd,1,"null","null","null",▣,Ornament,"null",false,false,"null",1,1
13571325,2021-11-07 19:45:45.000,0xf480935955d38a332cf40c65add722d46b922462,0xf1b214702bed6ec64843f55e5d566d8ffb3034dd,1,"null","null","null",▣,Ornament,"null",false,false,"null",1,1
16105711,2022-12-03 17:14:47.000,0x48cdefe7543eda2f3882a63a9d1d6df4752553b2,0xf1b214702bed6ec64843f55e5d566d8ffb3034dd,1,"null","null","null",▣,Ornament,"null",false,false,"null",1,1
13571455,2021-11-07 20:10:44.000,0x8acb66b909088e8392dd9a766c06e85531c063bf,0xf1b214702bed6ec64843f55e5d566d8ffb3034dd,1,"null","null","null",▣,Ornament,"null",false,false,"null",1,1
14866786,2022-05-29 13:47:53.000,0xe5cfd7863ca57970d520ca295c0ceaf228145d2a,0xf1b214702bed6ec64843f55e5d566d8ffb3034dd,1,"null","null","null",▣,Ornament,"null",false,false,"null",1,1
17395781,2023-06-02 21:43:35.000,0x9669baff20043b36cf435184bb1d942b3e48052d,0xf1b214702bed6ec64843f55e5d566d8ffb3034dd,1,"null","null","null",▣,Ornament,"null",false,false,"null",1,1
13924578,2022-01-02 07:04:49.000,0x68a7ac13477aad590982293feeeb786a00276cf2,0xf1b214702bed6ec64843f55e5d566d8ffb3034dd,1,"null","null","null",▣,Ornament,"null",false,false,"null",1,1
13572038,2021-11-07 22:16:35.000,0xddde4f1bfe67f542ac79243e39c0743197374ae1,0xf1b214702bed6ec64843f55e5d566d8ffb3034dd,1,"null","null","null",▣,Ornament,"null",false,false,"null",1,1
13570871,2021-11-07 18:07:08.000,0x6301add4fb128de9778b8651a2a9278b86761423,0xf1b214702bed6ec64843f55e5d566d8ffb3034dd,1,"null","null","null",▣,Ornament,"null",false,false,"null",1,1
13572359,2021-11-07 23:30:06.000,0xe120ed22a0cd12d5de6122aa7d5b6d93ac218b49,0xf1b214702bed6ec64843f55e5d566d8ffb3034dd,1,"null","null","null",▣,Ornament,"null",false,false,"null",1,1
14434425,2022-03-22 06:09:16.000,0x2d1875634b364a200a04cf4f9d2a6740af0e1c2a,0xf1b214702bed6ec64843f55e5d566d8ffb3034dd,1,"null","null","null",▣,Ornament,"null",false,false,"null",1,1
13571406,2021-11-07 20:00:17.000,0x6232d7a6085d0ab8f885292078eeb723064a376b,0xf1b214702bed6ec64843f55e5d566d8ffb3034dd,1,"null","null","null",▣,Ornament,"null",false,false,"null",1,1
13572289,2021-11-07 23:13:38.000,0xda918c71780b2ae1b8d4c0546b1aab0cadc21e4b,0xf1b214702bed6ec64843f55e5d566d8ffb3034dd,1,"null","null","null",▣,Ornament,"null",false,false,"null",1,1
13619873,2021-11-15 10:43:17.000,0x0b5c8b438e1c47fa8f2b2d27f051dbcba84c65af,0xf1b214702bed6ec64843f55e5d566d8ffb3034dd,1,"null","null","null",▣,Ornament,"null",false,false,"null",1,1
13656448,2021-11-21 05:58:30.000,0x2259d286208d8c5ee292c58f50d5d1feeca42a93,0xf1b214702bed6ec64843f55e5d566d8ffb3034dd,1,"null","null","null",▣,Ornament,"null",false,false,"null",1,1
13572308,2021-11-07 23:17:17.000,0x5968d383deb7636fb68c91915c516499fa2ddcd0,0xf1b214702bed6ec64843f55e5d566d8ffb3034dd,1,"null","null","null",▣,Ornament,"null",false,false,"null",1,1
13571313,2021-11-07 19:41:27.000,0xc304eef1023e0b6e644f8ed8f8c629fd0973c52d,0xf1b214702bed6ec64843f55e5d566d8ffb3034dd,1,"null","null","null",▣,Ornament,"null",false,false,"null",1,1
13877939,2021-12-26 01:46:33.000,0xda3845b44736b57e05ee80fc011a52a9c777423a,0xf1b214702bed6ec64843f55e5d566d8ffb3034dd,1,"null","null","null",▣,Ornament,"null",false,false,"null",1,1
14147116,2022-02-05 16:38:11.000,0xadc1d4b58f8c867be281fd5fb164bf4f6db66c2c,0xf1b214702bed6ec64843f55e5d566d8ffb3034dd,1,"null","null","null",▣,Ornament,"null",false,false,"null",1,1
14493473,2022-03-31 10:40:56.000,0xacc5603061e2713785176a58dd6464d34b4278b0,0xf1b214702bed6ec64843f55e5d566d8ffb3034dd,1,"null","null","null",▣,Ornament,"null",false,false,"null",1,1
13571664,2021-11-07 20:55:34.000,0x3f93dfd9a05027b26997ebced1762fee0e1058c0,0xf1b214702bed6ec64843f55e5d566d8ffb3034dd,1,"null","null","null",▣,Ornament,"null",false,false,"null",1,1
13571224,2021-11-07 19:21:40.000,0xbe81cca2fc9f28e24ede0363ddfcdcba31ab1e3f,0xf1b214702bed6ec64843f55e5d566d8ffb3034dd,1,"null","null","null",▣,Ornament,"null",false,false,"null",1,1
17033618,2023-04-12 18:12:59.000,0x006f4fd7cfe923eb994b556d5c92910863a11444,0xf1b214702bed6ec64843f55e5d566d8ffb3034dd,1,"null","null","null",▣,Ornament,"null",false,false,"null",1,1
13571293,2021-11-07 19:37:34.000,0x3c28307cf8c5748af322868effb6ae85f3f26555,0xf1b214702bed6ec64843f55e5d566d8ffb3034dd,1,"null","null","null",▣,Ornament,"null",false,false,"null",1,1
15009767,2022-06-22 22:03:36.000,0xb18989f87630b57b45d8820558ed6583d62cb9e7,0xf1b214702bed6ec64843f55e5d566d8ffb3034dd,1,"null","null","null",▣,Ornament,"null",false,false,"null",1,1
14359708,2022-03-10 14:44:52.000,0x20ce65a139990bdc0233e327891d9569c786c941,0xf1b214702bed6ec64843f55e5d566d8ffb3034dd,1,"null","null","null",▣,Ornament,"null",false,false,"null",1,1
14872537,2022-05-30 12:30:02.000,0x428ca525839b7c015ffb985700c8a8b37ed79756,0xf1b214702bed6ec64843f55e5d566d8ffb3034dd,1,"null","null","null",▣,Ornament,"null",false,false,"null",1,1
13575192,2021-11-08 10:19:38.000,0x335a30e6b03234cd24773f87066c78635041a532,0xf1b214702bed6ec64843f55e5d566d8ffb3034dd,1,"null","null","null",▣,Ornament,"null",false,false,"null",1,1
13578308,2021-11-08 22:05:41.000,0x48aa71836bc3ec2ba97c61d7ef744b4240e0ed8a,0xf1b214702bed6ec64843f55e5d566d8ffb3034dd,1,"null","null","null",▣,Ornament,"null",false,false,"null",1,1
14635927,2022-04-22 17:09:27.000,0x51198893e06055e9c4b4d72baeef31d8b2f26985,0xf1b214702bed6ec64843f55e5d566d8ffb3034dd,1,"null","null","null",▣,Ornament,"null",false,false,"null",1,1
18059343,2023-09-03 23:48:59.000,0xfb7ad45df71dc18237fc30f2e4654e733d4503c3,0xf1b214702bed6ec64843f55e5d566d8ffb3034dd,1,"null","null","null",▣,Ornament,"null",false,false,"null",1,1
13572197,2021-11-07 22:49:39.000,0x528bde57436b4b0bb23e084cd284176ccd2024f4,0xf1b214702bed6ec64843f55e5d566d8ffb3034dd,1,"null","null","null",▣,Ornament,"null",false,false,"null",1,1
13571097,2021-11-07 18:52:45.000,0xff86e35efd080ebdb76ae908180e30f1b887206a,0xf1b214702bed6ec64843f55e5d566d8ffb3034dd,1,"null","null","null",▣,Ornament,"null",false,false,"null",1,1
13572351,2021-11-07 23:28:04.000,0xe4da8809f9a6d8ffc92f303d2c30bb7a4a788e5d,0xf1b214702bed6ec64843f55e5d566d8ffb3034dd,1,"null","null","null",▣,Ornament,"null",false,false,"null",1,1
15545981,2022-09-16 11:48:59.000,0xedde541eb411f89d3d40a2fb36db217f3303bb80,0xf1b214702bed6ec64843f55e5d566d8ffb3034dd,1,"null","null","null",▣,Ornament,"null",false,false,"null",1,1
14968161,2022-06-15 15:14:19.000,0xf03025046459ef181296dfa04c6d57e01b73e650,0xf1b214702bed6ec64843f55e5d566d8ffb3034dd,1,"null","null","null",▣,Ornament,"null",false,false,"null",1,1
14687271,2022-04-30 18:48:56.000,0x7e958d4fdb351bb0298a16fc070bb458b2628ebc,0xf1b214702bed6ec64843f55e5d566d8ffb3034dd,1,"null","null","null",▣,Ornament,"null",false,false,"null",1,1
17395112,2023-06-02 19:27:47.000,0xdd94b65218366e60ddb45cf119d636426fdec3cf,0xf1b214702bed6ec64843f55e5d566d8ffb3034dd,1,"null","null","null",▣,Ornament,"null",false,false,"null",1,1
15230964,2022-07-28 12:16:15.000,0x387a161c6b25aa854100abaed39274e51aaffffd,0xf1b214702bed6ec64843f55e5d566d8ffb3034dd,1,"null","null","null",▣,Ornament,"null",false,false,"null",1,1
13571947,2021-11-07 21:54:42.000,0xaa71a16126a32a6a87cf0555c4f6c64785517cda,0xf1b214702bed6ec64843f55e5d566d8ffb3034dd,1,"null","null","null",▣,Ornament,"null",false,false,"null",1,1
13571772,2021-11-07 21:14:28.000,0xafb3f509719028da19b3ab50b863394b4ae8cf44,0xf1b214702bed6ec64843f55e5d566d8ffb3034dd,1,"null","null","null",▣,Ornament,"null",false,false,"null",1,1
16988715,2023-04-06 09:29:35.000,0x759c51e04dd9062e8d2071febe9d47caea199de5,0xf1b214702bed6ec64843f55e5d566d8ffb3034dd,1,"null","null","null",▣,Ornament,"null",false,false,"null",1,1
13572264,2021-11-07 23:08:00.000,0x8490b3dfba40b784e3a16974377c70a139306cfa,0xf1b214702bed6ec64843f55e5d566d8ffb3034dd,1,"null","null","null",▣,Ornament,"null",false,false,"null",1,1
16339878,2023-01-05 10:04:59.000,0xd8089bc9dc3293409f4dde5282227ba8808ce7ff,0xf1b214702bed6ec64843f55e5d566d8ffb3034dd,1,"null","null","null",▣,Ornament,"null",false,false,"null",1,1
15267803,2022-08-03 06:10:28.000,0x2b490daf74a46e7a2d3b0baaeb46b163fd575156,0xf1b214702bed6ec64843f55e5d566d8ffb3034dd,1,"null","null","null",▣,Ornament,"null",false,false,"null",1,1
13570931,2021-11-07 18:20:42.000,0xda61e47e66f5f208594fda6a0c2ef6994a93cf59,0xf1b214702bed6ec64843f55e5d566d8ffb3034dd,1,"null","null","null",▣,Ornament,"null",false,false,"null",1,1
13571830,2021-11-07 21:26:40.000,0x2f088cc0068a520c591294672dceb077a45b4772,0xf1b214702bed6ec64843f55e5d566d8ffb3034dd,1,"null","null","null",▣,Ornament,"null",false,false,"null",1,1
14882078,2022-06-01 01:32:39.000,0x4600a57f6c9ec39b02c49e7fe01544ce6cebc69e,0xf1b214702bed6ec64843f55e5d566d8ffb3034dd,1,"null","null","null",▣,Ornament,"null",false,false,"null",1,1
16103951,2022-12-03 11:20:23.000,0xe31069e61802d37795e7dd4a816e827e00704cc4,0xf1b214702bed6ec64843f55e5d566d8ffb3034dd,1,"null","null","null",▣,Ornament,"null",false,false,"null",1,1
13571756,2021-11-07 21:11:51.000,0xb683a2056526162c4771d363204af41ea8c1ec52,0xf1b214702bed6ec64843f55e5d566d8ffb3034dd,1,"null","null","null",▣,Ornament,"null",false,false,"null",1,1
13572274,2021-11-07 23:10:07.000,0x471b257fae0c070ed43deb56bfdd60ed13591950,0xf1b214702bed6ec64843f55e5d566d8ffb3034dd,1,"null","null","null",▣,Ornament,"null",false,false,"null",1,1
15441253,2022-08-30 15:54:38.000,0x1d4b8462dd9f7faa60944ef40b59e1b1e2cf34a1,0xf1b214702bed6ec64843f55e5d566d8ffb3034dd,1,"null","null","null",▣,Ornament,"null",false,false,"null",1,1
13838022,2021-12-19 21:36:57.000,0x2ff1bdc41b5c602e90951908ffed997f3b5d97a6,0xf1b214702bed6ec64843f55e5d566d8ffb3034dd,1,"null","null","null",▣,Ornament,"null",false,false,"null",1,1
14412190,2022-03-18 18:58:51.000,0x3ae72034f05af89cc7249d05887a2c70d0c22b41,0xf1b214702bed6ec64843f55e5d566d8ffb3034dd,1,"null","null","null",▣,Ornament,"null",false,false,"null",1,1
13571920,2021-11-07 21:48:45.000,0xf326e3faf675fb22c3be629da250a8d43ce0e1d9,0xf1b214702bed6ec64843f55e5d566d8ffb3034dd,1,"null","null","null",▣,Ornament,"null",false,false,"null",1,1
15082867,2022-07-05 13:46:17.000,0xe57ce62b44ce1117991f167fa4833f08a637916d,0xf1b214702bed6ec64843f55e5d566d8ffb3034dd,1,"null","null","null",▣,Ornament,"null",false,false,"null",1,1
13602460,2021-11-12 16:49:41.000,0xc07a18c4cce7f95a413515d3d137de47bcffb495,0xf1b214702bed6ec64843f55e5d566d8ffb3034dd,1,"null","null","null",▣,Ornament,"null",false,false,"null",1,1
13571320,2021-11-07 19:44:20.000,0xe2fe4b65d8f4f283ab9b930e7849beb3bd1570ce,0xf1b214702bed6ec64843f55e5d566d8ffb3034dd,1,"null","null","null",▣,Ornament,"null",false,false,"null",1,1
13601345,2021-11-12 12:38:25.000,0xb5851daa27dbbaf657ebb66febe2a08a2dd64943,0xf1b214702bed6ec64843f55e5d566d8ffb3034dd,1,"null","null","null",▣,Ornament,"null",false,false,"null",1,1
15632471,2022-09-28 14:35:59.000,0x3396c3d66fe6d0f2235a2a82f829bf3599d34663,0xf1b214702bed6ec64843f55e5d566d8ffb3034dd,1,"null","null","null",▣,Ornament,"null",false,false,"null",1,1
13573045,2021-11-08 01:58:06.000,0x12162eec0486b2a8c4571a3d52a77639dd26753a,0xf1b214702bed6ec64843f55e5d566d8ffb3034dd,1,"null","null","null",▣,Ornament,"null",false,false,"null",1,1
13572330,2021-11-07 23:23:40.000,0x12d964f702db7b301765c0066a04ec4fbdb59e3a,0xf1b214702bed6ec64843f55e5d566d8ffb3034dd,1,"null","null","null",▣,Ornament,"null",false,false,"null",1,1
17653067,2023-07-09 02:03:35.000,0xb5e1532b054226d92913b40da22a01b7900ec96e,0xf1b214702bed6ec64843f55e5d566d8ffb3034dd,1,"null","null","null",▣,Ornament,"null",false,false,"null",1,1
13571504,2021-11-07 20:22:14.000,0xa76c6940bf090b429654b010cd130b02e8f83884,0xf1b214702bed6ec64843f55e5d566d8ffb3034dd,1,"null","null","null",▣,Ornament,"null",false,false,"null",1,1
13572359,2021-11-07 23:30:06.000,0x95b9b364fec724a26b38d940d4c4862516ec0b3c,0xf1b214702bed6ec64843f55e5d566d8ffb3034dd,1,"null","null","null",▣,Ornament,"null",false,false,"null",1,1
13572088,2021-11-07 22:28:21.000,0xbc9ca5bd0f07700929f8d538233b0a9e60f4ddc5,0xf1b214702bed6ec64843f55e5d566d8ffb3034dd,1,"null","null","null",▣,Ornament,"null",false,false,"null",1,1
13974883,2022-01-10 01:35:12.000,0xda5b74ad80511b0be094604423502b4bc6a43689,0xf1b214702bed6ec64843f55e5d566d8ffb3034dd,1,"null","null","null",▣,Ornament,"null",false,false,"null",1,1
18029165,2023-08-30 18:21:47.000,0x224cbd580fb928d916f7f435b21059ab673ee8e0,0xf1b214702bed6ec64843f55e5d566d8ffb3034dd,1,"null","null","null",▣,Ornament,"null",false,false,"null",1,1
13571104,2021-11-07 18:54:48.000,0x44c0a0778d870a6f723592e5692e83ebf8667e4e,0xf1b214702bed6ec64843f55e5d566d8ffb3034dd,1,"null","null","null",▣,Ornament,"null",false,false,"null",1,1
13571976,2021-11-07 22:01:02.000,0x7554df2bfd5f0eb821c2148ddbf69afb3b0ca027,0xf1b214702bed6ec64843f55e5d566d8ffb3034dd,1,"null","null","null",▣,Ornament,"null",false,false,"null",1,1
16769910,2023-03-06 14:29:23.000,0x7c7216f16e81f2cf68269a2e3c24b4123b3da2c2,0xf1b214702bed6ec64843f55e5d566d8ffb3034dd,1,"null","null","null",▣,Ornament,"null",false,false,"null",1,1
13571451,2021-11-07 20:09:59.000,0xef8d44e54d8be26a55a2b13e1e055019182b3824,0xf1b214702bed6ec64843f55e5d566d8ffb3034dd,1,"null","null","null",▣,Ornament,"null",false,false,"null",1,1
13572026,2021-11-07 22:14:16.000,0x10ec976c862a0e48c932fb53b5c542b5cbb13cf1,0xf1b214702bed6ec64843f55e5d566d8ffb3034dd,1,"null","null","null",▣,Ornament,"null",false,false,"null",1,1
14798905,2022-05-18 12:42:18.000,0x323794c012df58d68843d745c75ea536d870c7da,0xf1b214702bed6ec64843f55e5d566d8ffb3034dd,1,"null","null","null",▣,Ornament,"null",false,false,"null",1,1
13571530,2021-11-07 20:27:36.000,0x6dc43be93a8b5fd37dc16f24872babc6da5e5e3e,0xf1b214702bed6ec64843f55e5d566d8ffb3034dd,1,"null","null","null",▣,Ornament,"null",false,false,"null",1,1
13829689,2021-12-18 14:34:04.000,0xd4026371ec7fd35affa86204e4fe3848f1ca3c81,0xf1b214702bed6ec64843f55e5d566d8ffb3034dd,1,"null","null","null",▣,Ornament,"null",false,false,"null",1,1
13571428,2021-11-07 20:03:36.000,0xecd1444f211e6a13dc23561fef2e04aba516fa0c,0xf1b214702bed6ec64843f55e5d566d8ffb3034dd,1,"null","null","null",▣,Ornament,"null",false,false,"null",1,1
17437585,2023-06-08 19:16:23.000,0xe3f9b0b7692b5d9a46227f965166d3f2c1b6f5ff,0xf1b214702bed6ec64843f55e5d566d8ffb3034dd,1,"null","null","null",▣,Ornament,"null",false,false,"null",1,1
13633745,2021-11-17 15:20:51.000,0xfdfe24479b7d426ca65ebd99ceb97db1e107dbbf,0xf1b214702bed6ec64843f55e5d566d8ffb3034dd,1,"null","null","null",▣,Ornament,"null",false,false,"null",1,1
18029165,2023-08-30 18:21:47.000,0x56822535043ac2549c2d8194a271e726b358c278,0xf1b214702bed6ec64843f55e5d566d8ffb3034dd,1,"null","null","null",▣,Ornament,"null",false,false,"null",1,1
13575486,2021-11-08 11:30:20.000,0x4d3dfd28aa35869d52c5ce077aa36e3944b48d1c,0xf1b214702bed6ec64843f55e5d566d8ffb3034dd,1,"null","null","null",▣,Ornament,"null",false,false,"null",1,1
16177445,2022-12-13 18:04:35.000,0x479c31b824c28fd4f45749a22772009ef1cc82cd,0xf1b214702bed6ec64843f55e5d566d8ffb3034dd,1,"null","null","null",▣,Ornament,"null",false,false,"null",1,1
17986455,2023-08-24 18:49:59.000,0xf5ecb4befeeeda2203f0c3a84a37255b7f1f50a1,0xf1b214702bed6ec64843f55e5d566d8ffb3034dd,1,"null","null","null",▣,Ornament,"null",false,false,"null",1,1
13626053,2021-11-16 10:25:00.000,0x4a7afc64e298876fcb8f6aa7d44ef3c91fcbc291,0xf1b214702bed6ec64843f55e5d566d8ffb3034dd,1,"null","null","null",▣,Ornament,"null",false,false,"null",1,1
13962184,2022-01-08 02:52:36.000,0x99ba175dd3186dc77c9da0a65fd34656b19c1ff6,0xf1b214702bed6ec64843f55e5d566d8ffb3034dd,1,"null","null","null",▣,Ornament,"null",false,false,"null",1,1
16988715,2023-04-06 09:29:35.000,0x2edef9b9a483c206b3d966b318cdc6453f0dc2a5,0xf1b214702bed6ec64843f55e5d566d8ffb3034dd,1,"null","null","null",▣,Ornament,"null",false,false,"null",1,1
13571927,2021-11-07 21:50:37.000,0x06d99ec61b755d08b9a46f253bab8061be607499,0xf1b214702bed6ec64843f55e5d566d8ffb3034dd,1,"null","null","null",▣,Ornament,"null",false,false,"null",1,1
13672717,2021-11-23 19:37:07.000,0x26927a55e4249aa3d2a5ef06cece61e07f557f6d,0xf1b214702bed6ec64843f55e5d566d8ffb3034dd,1,"null","null","null",▣,Ornament,"null",false,false,"null",1,1
13571447,2021-11-07 20:08:06.000,0x649b84336c431d3abbb0c5a705e28a82891032b0,0xf1b214702bed6ec64843f55e5d566d8ffb3034dd,1,"null","null","null",▣,Ornament,"null",false,false,"null",1,1
16356720,2023-01-07 18:32:47.000,0xaecf6412cf1a51986185f5718fadd640bae5c7cb,0xf1b214702bed6ec64843f55e5d566d8ffb3034dd,1,"null","null","null",▣,Ornament,"null",false,false,"null",1,1
16493336,2023-01-26 20:19:47.000,0x0ef024d299cb56805f2437cd00b8a361a7b06d54,0xf1b214702bed6ec64843f55e5d566d8ffb3034dd,1,"null","null","null",▣,Ornament,"null",false,false,"null",1,1
13571451,2021-11-07 20:09:59.000,0x3fa9db8d720679e8e5213f6c5d88fab766058e20,0xf1b214702bed6ec64843f55e5d566d8ffb3034dd,1,"null","null","null",▣,Ornament,"null",false,false,"null",1,1
17394893,2023-06-02 18:43:11.000,0x625d6405dcac9c82f4b681a131d9182115448f75,0xf1b214702bed6ec64843f55e5d566d8ffb3034dd,1,"null","null","null",▣,Ornament,"null",false,false,"null",1,1
15919149,2022-11-07 15:49:47.000,0x966de2e7cae6544f8e28f3ed2368699f8af4261f,0xf1b214702bed6ec64843f55e5d566d8ffb3034dd,1,"null","null","null",▣,Ornament,"null",false,false,"null",1,1
13571327,2021-11-07 19:46:10.000,0xc3edcbe0f93a6258c3933e86ffaa3bcf12f8d695,0xf1b214702bed6ec64843f55e5d566d8ffb3034dd,1,"null","null","null",▣,Ornament,"null",false,false,"null",1,1
13571438,2021-11-07 20:06:03.000,0xde0639aa8a85cc9ea40f53f2dc2ad3f0d791b69c,0xf1b214702bed6ec64843f55e5d566d8ffb3034dd,1,"null","null","null",▣,Ornament,"null",false,false,"null",1,1
13571395,2021-11-07 19:58:48.000,0x1dcfd96455b668ce600bcca9b9af405416f65bdf,0xf1b214702bed6ec64843f55e5d566d8ffb3034dd,1,"null","null","null",▣,Ornament,"null",false,false,"null",1,1
13601345,2021-11-12 12:38:25.000,0x3c5e6d1a340a90a66f0f0a1375f0d5811485de3a,0xf1b214702bed6ec64843f55e5d566d8ffb3034dd,1,"null","null","null",▣,Ornament,"null",false,false,"null",1,1
13571938,2021-11-07 21:52:54.000,0x61ccf1ad4ae3964eea9cc776552daae3397ab264,0xf1b214702bed6ec64843f55e5d566d8ffb3034dd,1,"null","null","null",▣,Ornament,"null",false,false,"null",1,1
13656448,2021-11-21 05:58:30.000,0x8d8f6a115053adf63505d94337987fd5c4448b90,0xf1b214702bed6ec64843f55e5d566d8ffb3034dd,1,"null","null","null",▣,Ornament,"null",false,false,"null",1,1
16502241,2023-01-28 02:11:11.000,0xbf1219d4da56c5fd22a0e021abb3edc2e52e9913,0xf1b214702bed6ec64843f55e5d566d8ffb3034dd,1,"null","null","null",▣,Ornament,"null",false,false,"null",1,1
15201159,2022-07-23 20:48:54.000,0xe1b0b385c5e855f131d300c9b8f33b2e96691d3d,0xf1b214702bed6ec64843f55e5d566d8ffb3034dd,1,"null","null","null",▣,Ornament,"null",false,false,"null",1,1
13583436,2021-11-09 17:15:55.000,0x00812076e9460d60e7f9af956cbda17ac64eeaa2,0xf1b214702bed6ec64843f55e5d566d8ffb3034dd,1,"null","null","null",▣,Ornament,"null",false,false,"null",1,1
15566586,2022-09-19 09:10:59.000,0x3833a533f811a20b30b9694e8045ea575c0ae1f6,0xf1b214702bed6ec64843f55e5d566d8ffb3034dd,1,"null","null","null",▣,Ornament,"null",false,false,"null",1,1
14169615,2022-02-09 04:04:24.000,0x46f148279f1006dabd01ab80d05779671ef95f6a,0xf1b214702bed6ec64843f55e5d566d8ffb3034dd,1,"null","null","null",▣,Ornament,"null",false,false,"null",1,1
﻿